first_name,last_name,gender,age,company_name,address,city,phone1,phone2,email
Rufe,Eickhoff,M,54,Zieme and Sons,0 Summer Ridge Pass,Mizque,740-948-0089,177-453-4212,reickhoff0@last.fm
Berkie,Morson,M,20,Gibson and Sons,37963 Linden Crossing,Ouro Branco,168-714-9518,435-628-4078,bmorson1@homestead.com
Urbano,Polly,M,29,Brown-Dietrich,772 Crowley Court,Banff,126-409-5968,523-115-7431,upolly2@cdbaby.com
Alphonso,Bourley,M,29,Hansen-Russel,0 Graceland Avenue,Sabana Grande,583-906-8550,363-721-4939,abourley3@issuu.com
Munmro,Fenck,M,57,Jaskolski and D'Amore,7 Rowland Way,Pitai,141-960-7812,652-495-4816,mfenck4@mediafire.com
Colby,Chalfont,M,32,"Kunde, Herzog and Lindgren",98 Little Fleur Court,Liwale,395-153-7931,963-148-3533,cchalfont5@gov.uk
Erek,Simone,M,29,Botsford-Graham,441 Grover Parkway,Caoxi,742-302-7229,185-900-2437,esimone6@apple.com
Anett,Everly,F,49,"Hahn, Tremblay and Keebler",3226 Everett Center,Wangjiahe,383-619-6899,361-512-7416,aeverly7@jimdo.com
Howey,Cauldfield,M,23,Wyman LLC,72 Anzinger Street,Huancheng,350-164-4646,112-819-7882,hcauldfield8@nationalgeographic.com
Nate,Rowbottam,M,71,Bahringer Group,9 Glendale Alley,Río Bueno,660-856-1179,819-227-5451,nrowbottam9@yahoo.com
Troy,McLanachan,M,73,Casper and Sons,50 Rusk Avenue,Booterstown,864-571-4431,740-974-0722,tmclanachana@360.cn
Charmion,Wrates,F,85,Schmidt-Crooks,3 Thackeray Terrace,Jampang Tengah,890-425-7826,255-973-8410,cwratesb@drupal.org
Lizbeth,Cheeney,F,73,Stokes-O'Conner,57337 Pond Lane,Lüxiang,354-776-6638,795-242-3805,lcheeneyc@themeforest.net
Ezmeralda,Deboo,F,83,Kessler-Langosh,39 Sunbrook Plaza,Suwałki,495-673-1115,452-669-5375,edebood@lycos.com
Marvin,Hucquart,M,78,Boyer-Konopelski,47477 Armistice Junction,Telengsari,386-773-9139,821-562-4088,mhucquarte@hao123.com
Denice,Hughlin,F,56,"Goodwin, Jenkins and Gerlach",63295 Summit Circle,Sarrebourg,797-179-7306,346-735-2436,dhughlinf@cbsnews.com
Kellen,McCome,F,69,"Goodwin, Labadie and Morar",2 Village Trail,Balongmulyo,777-657-7718,187-509-8762,kmccomeg@multiply.com
Miltie,Saph,M,40,Batz Group,46851 Scofield Drive,Brinkmann,672-116-8545,503-759-9814,msaphh@redcross.org
Ramona,MacParlan,F,46,Bergnaum Inc,18123 Northland Pass,Shidu,802-213-2603,821-118-8605,rmacparlani@booking.com
Evan,Brasener,M,21,"Wolf, Crist and Schuster",066 6th Circle,Gabao,334-309-7411,646-687-5175,abrasenerj@ox.ac.uk
Pollyanna,Wilds,F,66,"Wunsch, Gutmann and Mueller",88889 Hoffman Hill,Johor Bahru,966-365-1897,377-831-1397,pwildsk@squarespace.com
Loren,Poynor,F,31,"Pfannerstill, Waelchi and Raynor",156 Eastlawn Trail,Sulitair,746-319-4194,663-781-8900,lpoynorl@uol.com.br
Jammie,Hawney,F,39,Kulas-Jacobson,9 Carioca Point,Anyang,243-859-1947,472-932-1407,jhawneym@ow.ly
Craggy,Jizhaki,M,68,"Lubowitz, Streich and Heaney",6 Farragut Circle,Břeclav,535-833-1424,650-865-0687,cjizhakin@fda.gov
Carlo,Santon,M,45,Koss-Bode,989 Loomis Avenue,Jardim,879-278-4306,422-649-9425,csantono@fema.gov
Arya,Northridge,F,75,"Monahan, Gorczany and Schmeler",3214 Bowman Place,Lao Suea Kok,443-712-8670,732-908-6401,mnorthridgep@cisco.com
Evie,Croisdall,F,43,DuBuque-Mertz,7529 Riverside Avenue,Sovetsk,807-651-0143,340-148-5030,ecroisdallq@yale.edu
Jessi,Chaperlin,F,67,"Schaden, Marvin and Russel",4739 Bayside Terrace,Fairbanks,907-608-4902,986-106-9570,jchaperlinr@hugedomains.com
Sigismund,Penrose,M,19,Pfeffer-Swaniawski,126 Warbler Pass,Týrnavos,608-846-9205,416-482-1752,spenroses@soundcloud.com
Daryl,Wallsworth,M,24,Nader Group,5 Burning Wood Parkway,Ferapontovo,777-270-0091,933-275-0054,dwallswortht@aol.com
Cherilynn,Trevaskis,F,49,Cole-Dare,0 Roxbury Park,Al ‘Ashshah,164-595-2852,517-912-9014,ctrevaskisu@tiny.cc
Bertina,Commin,F,73,Ward and Sons,36291 Tomscot Circle,Kruševac,542-216-5982,916-890-7800,bcomminv@dedecms.com
Carlene,Sykora,F,45,"Stanton, Quitzon and Farrell",6 Golf Course Drive,Shiroi,791-366-3669,680-963-8219,csykoraw@example.com
Desmund,Riseley,M,63,McDermott Inc,11544 Linden Plaza,Nageswari,794-702-1118,784-320-3876,driseleyx@scribd.com
Alvan,Giovannacc@i,M,77,"Cole, Kovacek and Baumbach",70 Green Court,Ouro Preto,760-750-2071,371-107-6617,agiovannacciy@comsenz.com
Manolo,ducarme,M,62,Schultz Inc,01 Vidon Avenue,Ar Ramāḑīn,555-739-6294,888-252-4989,mducarmez@mediafire.com
Caye,Stenet,F,61,Romaguera Group,79500 Weeping Birch Terrace,San Vicente,757-375-3433,610-233-2933,cstenet10@shareasale.com
Niles,Lisamore,M,34,Pollich and Sons,550 Heffernan Drive,Langarūd,322-264-6446,949-197-7976,nlisamore11@cam.ac.uk
Aleshia,Slater,F,43,Zemlak LLC,49 Namekagon Crossing,Cimara,372-849-3303,534-832-4268,cslater12@hhs.gov
Giusto,Juorio,M,30,Mann-Lehner,3 Vahlen Crossing,Tai’an,522-435-2931,103-330-3289,gjuorio13@cnn.com
Yun,Evenett,F,57,Harris LLC,83324 Rigney Lane,Baruta,850-712-8576,784-314-4465,nevenett14@unblog.fr
Aldwin,Newbery,M,63,Leffler-Bradtke,99 Waywood Crossing,Ormož,273-418-2806,762-300-9156,anewbery15@multiply.com
Lorenzo,Renison,M,19,Hyatt-Shields,79450 West Place,Kecskemét,924-634-0705,416-618-7137,lrenison16@washingtonpost.com
Pernell,Simanek,M,68,"Rodriguez, Hudson and Witting",8417 Acker Trail,Oshawa,385-887-9455,599-433-6352,psimanek17@disqus.com
Mick,MacCrann,M,82,"Howell, Lind and Huels",68711 Anzinger Plaza,Eschweiler,709-308-6640,752-934-4826,mmaccrann18@163.com
Svetlana,Meir,F,61,Baumbach and Sons,5693 Esker Junction,Tabor,227-697-4886,979-717-7101,bmeir19@list-manage.com
Karoline,Searsby,F,75,"O'Keefe, Erdman and Dibbert",001 Nevada Lane,Chenqing,644-523-1761,300-953-5463,ksearsby1a@ft.com
Basia,Cacacie,F,53,Kuhic LLC,866 Crescent Oaks Road,Agriá,353-386-8828,580-226-6635,bcacacie1b@diigo.com
Celinda,Gebhard,F,63,Wilkinson and Sons,8 Riverside Park,Yanas,477-904-1883,164-412-9797,cgebhard1c@list-manage.com
Tiebout,Cuddon,M,25,Dickinson Inc,193 Memorial Parkway,Duifang,475-248-0456,454-233-1888,tcuddon1d@examiner.com
Davide,Spalding,M,62,West-Cremin,7823 Wayridge Avenue,Upata,328-675-9163,249-414-0610,dspalding1e@cbc.ca
Aeriell,Capelen,F,44,"Kunze, Cummerata and Volkman",8676 Sutherland Crossing,Donghai,867-492-0548,887-256-9892,acapelen1f@indiatimes.com
Ricca,Tremayne,F,48,Jacobson LLC,67830 Eagan Junction,Charlestown,574-340-8439,931-563-6502,rtremayne1g@alexa.com
Quinn,Blaksland,M,71,"Quigley, Bins and Stamm",8 Mitchell Court,Thị Trấn Thuận Châu,633-889-5407,411-188-8274,qblaksland1h@blogs.com
Karil,Dearness,F,65,"Schumm, Gislason and Gibson",34888 Garrison Alley,Luchenza,245-951-3676,836-756-6922,kdearness1i@multiply.com
Thibaud,Dacca,M,78,Howe LLC,08 Sundown Place,Bezons,924-610-5017,825-761-2632,tdacca1j@naver.com
Christian,Hadgkiss,M,78,"Cummings, Moen and Runolfsdottir",38 Maple Wood Park,Bei,228-241-4809,142-771-7134,chadgkiss1k@miitbeian.gov.cn
Chev,Fernan,M,67,McClure Group,34 Stephen Hill,Mendes,927-659-8895,751-975-5471,cfernan1l@oaic.gov.au
Ayn,Filipiak,F,21,McCullough-Williamson,66419 Mcbride Hill,Pilar,305-861-9750,132-874-9510,afilipiak1m@washington.edu
Romona,Somerlie,F,53,Cassin LLC,9659 Kipling Circle,Muḩammad Āghah Wuluswālī,770-393-2896,641-449-4588,rsomerlie1n@mit.edu
Caryl,Petty,M,44,Torphy LLC,4408 John Wall Lane,Ketapang,213-463-3706,332-888-6478,cpetty1o@intel.com
Jerri,Puckham,M,41,Frami and Sons,94360 Oak Valley Way,Gucheng,363-275-7005,793-113-3492,jpuckham1p@usnews.com
Griff,Shortall,M,42,Osinski-Kuhlman,04524 Tony Avenue,Kwale,236-499-6729,135-188-0140,gshortall1q@springer.com
Tan,Carlett,M,46,"Rohan, Gerhold and Wisoky",49 Loomis Avenue,Aghavnadzor,791-157-3407,110-855-3248,tcarlett1r@ted.com
Redd,Cullerne,M,55,Schowalter LLC,1 Old Shore Crossing,Burgos,673-244-8329,361-701-8910,rcullerne1s@dell.com
Hildagard,Matusson,F,25,Bernhard-Cruickshank,0 Sheridan Junction,Mora,956-541-5439,218-268-7033,hmatusson1t@over-blog.com
Rosaleen,Coolson,F,52,Ortiz and Sons,67433 Starling Junction,Lubāna,219-364-0799,167-284-9162,rcoolson1u@blinklist.com
Cassandra,Crothers,F,35,Fadel Group,3339 Stuart Alley,Skärholmen,168-705-5464,602-296-0671,ccrothers1v@ucoz.com
Shirleen,Malthus,F,30,Halvorson and Sons,82 Helena Circle,Ganxi,415-274-2449,771-811-2414,smalthus1w@discovery.com
Ramonda,Kindred,F,66,Schimmel-Heathcote,42 Lukken Hill,Karkkila,657-190-4701,998-685-1868,rkindred1x@arizona.edu
Petunia,Meins,F,33,"Kerluke, Carter and Runolfsdottir",08725 Londonderry Circle,Armação de Pêra,974-971-9816,732-623-7611,pmeins1y@altervista.org
Winthrop,Collens,M,65,Stamm Inc,29 Melody Place,Spuž,670-921-5259,438-380-7004,wcollens1z@is.gd
Betteann,Faherty,F,64,"Harris, Boyle and Blick",350 Golf Hill,Barbacena,709-282-0731,878-379-8600,bfaherty20@paypal.com
Grata,Sutherns,F,45,Cartwright-Zemlak,7583 Bunting Center,Watoona,114-111-1837,987-992-3017,gsutherns21@bigcartel.com
Chane,Robet,M,25,Ruecker-Kemmer,1391 Towne Park,Batal,870-182-6657,693-949-1021,crobet22@google.it
Will,Sharvell,M,74,"Wintheiser, Towne and Shanahan",6066 Mallory Terrace,Englewood,303-554-1994,704-481-6404,wsharvell23@marriott.com
Bellina,Thorndycraft,F,77,"Jacobson, Wunsch and Corwin",839 Morning Point,Sigay,693-137-2196,682-627-6059,bthorndycraft24@1und1.de
Cameron,McGirr,M,19,"Braun, Bayer and Fay",2245 2nd Center,Épernay,971-836-2285,904-481-4244,cmcgirr25@dagondesign.com
Melisa,Spurryer,F,23,Kreiger Group,896 Spaight Junction,Krasnyy Yar,850-917-0827,605-632-4170,mspurryer26@nbcnews.com
Ashely,Colliford,F,52,Boehm-Waelchi,29 Ruskin Terrace,Miejska Górka,852-646-7439,455-404-9249,acolliford27@naver.com
Kalli,Ireson,F,85,"Bednar, Zieme and Effertz",2391 Porter Hill,Salacgrīva,763-912-4816,777-562-2026,kireson28@google.es
Norry,Rimmer,F,42,Christiansen-Bednar,986 Sutherland Parkway,Al Mālikīyah,323-989-2551,398-994-1314,nrimmer29@aol.com
Carmita,Skedgell,F,71,"Kilback, Cole and Walter",467 Drewry Street,Mbuji-Mayi,917-196-6029,665-706-2258,cskedgell2a@so-net.ne.jp
Brien,Aron,M,75,Quitzon-Gulgowski,0 Vernon Parkway,Göteborg,709-486-1789,412-932-8708,baron2b@chron.com
Dall,Donat,M,84,"Bergstrom, Cummerata and Vandervort",85873 Pleasure Parkway,Guanshui,510-366-0241,437-589-5675,ddonat2c@icio.us
Bibi,Warkup,F,43,Bergstrom-Gerhold,3391 Debs Lane,Rudniki,859-962-7360,254-626-6529,bwarkup2d@vinaora.com
Odey,Gellibrand,M,30,"Corkery, Hoppe and Walker",00714 Scott Terrace,Lévis,585-632-6364,922-419-7387,ogellibrand2e@cisco.com
Twila,Haddeston,F,43,Rath-Schulist,566 Iowa Way,Pexiligais,913-369-5565,237-316-3848,thaddeston2f@istockphoto.com
Seka,Leith-Harvey,F,60,Gusikowski and Sons,6 5th Circle,Mloko,152-336-9979,745-446-7596,sleithharvey2g@sciencedaily.com
Alverta,Blind,F,61,Brakus-Wintheiser,55057 Waxwing Plaza,Tōkamachi,699-374-9405,940-898-0890,ablind2h@latimes.com
Biddie,Hands,F,24,Wisoky-Cole,140 Armistice Center,Issoudun,163-303-6429,185-872-2998,bhands2i@bizjournals.com
Katherina,Juste,F,84,Kuphal and Sons,461 American Ash Circle,Gózd,711-188-8069,589-416-7570,kjuste2j@digg.com
Teriann,Ledrun,F,50,Tromp-Crooks,7 Ilene Trail,Huxu,117-477-0888,530-826-2780,tledrun2k@ask.com
Benedikta,Yesinov,F,40,Williamson Group,33 Grover Hill,Reims,856-724-6577,326-813-1999,byesinov2l@mayoclinic.com
Vick,Baroux,M,27,Price-Stoltenberg,189 Eggendart Drive,Velyka Lepetykha,298-147-2400,673-926-9378,vbaroux2m@amazonaws.com
Holly,Malham,M,84,Torphy Inc,1321 Kenwood Circle,Baima,228-376-7254,293-728-4996,hmalham2n@networkadvertising.org
Lydon,Byre,M,43,Pagac-Langworth,2557 Elmside Center,Altunemil,914-215-5376,118-825-1381,lbyre2o@hugedomains.com
Ninnette,Nesbeth,F,78,Dibbert-Barrows,5 Hallows Park,Hiroshima-shi,845-627-2411,459-792-3665,nnesbeth2p@hatena.ne.jp
Averil,Gligori,M,20,Feest Group,13477 Bultman Terrace,Mbala,129-381-7794,316-556-9796,agligori2q@odnoklassniki.ru
Zack,Mosen,M,33,Ledner-Schimmel,78 Service Street,Charleston,304-894-8335,533-203-6546,zmosen2r@lulu.com
Lucilia,Neely,F,33,Schulist-Koepp,131 Browning Plaza,Gamay,886-248-5122,738-647-6037,lneely2s@ebay.co.uk
Bird,Olijve,F,56,Stracke Group,71 Oxford Way,Hengxi,450-378-2078,222-671-8655,bolijve2t@photobucket.com
Kiley,Winslade,F,84,"Robel, Conn and Schuster",5 Redwing Junction,Maopingchang,274-985-2783,117-135-5486,kwinslade2u@ameblo.jp
Penny,Ingrem,F,27,O'Conner-Hirthe,175 Village Green Alley,Thị Trấn Quan Hóa,129-999-4405,697-214-0589,pingrem2v@psu.edu
Maddy,Pfeuffer,M,81,Farrell-Rippin,285 Thierer Center,Sumbuya,526-477-5646,336-283-7239,mpfeuffer2w@buzzfeed.com
Dollie,Simonich,F,29,"Blanda, Lubowitz and Hane",80613 Crowley Point,Kodamachō-kodamaminami,829-701-8442,617-582-3925,dsimonich2x@vk.com
Cammy,Candish,F,40,Zboncak LLC,7 Carpenter Trail,Barisāl,524-278-8779,593-908-5437,ccandish2y@about.com
Becky,Lunbech,F,51,Botsford-Tillman,28 Lake View Court,Jiuzhai,489-814-3944,670-529-9323,blunbech2z@ask.com
Carol-jean,Fransson,F,24,"Marvin, Pouros and Gerlach",3 Packers Trail,Masjed Soleymān,510-893-0320,668-524-6506,cfransson30@symantec.com
Keane,Broom,M,43,Kling-Bogan,2 Banding Place,Benešov nad Černou,214-669-3595,271-149-1772,kbroom31@nymag.com
Golda,Itzkovwitch,F,63,"Torp, Thompson and Brekke",49 Mosinee Street,Navoiy,902-711-6753,634-612-4499,gitzkovwitch32@blog.com
Barbabas,MacCaughey,M,22,Macejkovic-Terry,43 Morning Avenue,Mercedes,825-400-7700,374-810-9849,bmaccaughey33@moonfruit.com
Reynolds,Lurcock,M,22,Hauck-Emmerich,2149 Hermina Court,Cigembor,274-331-0360,577-565-2021,rlurcock34@nsw.gov.au
Troy,Twyford,M,71,Wisoky-Cassin,0 Packers Way,Horodok,462-161-2324,310-935-6929,ttwyford35@tamu.edu
Magda,Mundle,F,63,Schultz-Schaden,2 Spaight Trail,Scholkine,598-358-1115,768-292-4747,mmundle36@twitter.com
Eldridge,Tellenbroker,M,59,Dibbert LLC,549 Petterle Avenue,Makungu,794-756-6150,618-498-2308,etellenbroker37@huffingtonpost.com
Liuka,Maben,F,64,Altenwerth and Sons,6531 Commercial Circle,Lingxi,543-762-8063,973-844-3202,lmaben38@europa.eu
Shelley,Impey,M,71,Kutch-Rohan,82102 Corry Plaza,Migori,929-517-0746,359-351-7091,simpey39@diigo.com
Gabriel,Legerwood,F,62,"Stiedemann, Hansen and Sanford",973 Claremont Lane,Cabungan,760-872-5512,764-239-7919,glegerwood3a@angelfire.com
Umeko,Alexandersson,F,26,Schmeler-Steuber,484 Nova Street,Hujiaying,110-379-2402,800-216-1882,ualexandersson3b@state.gov
Nelie,Gloster,F,79,Cassin-Rohan,6423 Tomscot Hill,Panognawan,594-651-7999,709-302-6468,ngloster3c@who.int
Lonee,Cherrison,F,52,Gusikowski and Sons,58 Autumn Leaf Terrace,Wuluo,851-589-9628,833-742-7036,lcherrison3d@indiegogo.com
Kate,Ferrandez,F,27,Schmeler-Hettinger,55 Gerald Place,Tsibulev,387-923-9861,599-105-2038,kferrandez3e@fc2.com
Karil,Aidler,F,35,"Koepp, Herzog and Powlowski",435 Dahle Circle,La Rochelle,545-422-2057,905-823-8874,kaidler3f@networksolutions.com
Quintus,Prestidge,M,83,"Sauer, Yundt and Cartwright",3675 Nevada Circle,Gourcy,939-319-1886,799-941-7492,qprestidge3g@myspace.com
Alva,Tyson,M,69,Hermann-Hodkiewicz,06 Graceland Lane,Naxos,471-747-0707,111-816-9849,atyson3h@123-reg.co.uk
Georgetta,Maltster,F,28,Monahan and Sons,30938 Coolidge Avenue,Xiangrong,248-380-4992,232-354-3252,gmaltster3i@furl.net
Kristien,Labarre,F,43,O'Keefe-Smith,81071 Lerdahl Parkway,Namyang-dong,355-441-0102,983-450-0482,klabarre3j@admin.ch
Zolly,Cusworth,M,74,"Metz, Lindgren and Harris",8721 Arapahoe Lane,Shawan,695-406-0757,621-511-9036,zcusworth3k@oracle.com
Dilan,Troy,M,53,"Bruen, Witting and Moen",431 Heffernan Trail,Bulakbanjar,799-997-3557,608-230-8281,dtroy3l@hugedomains.com
Ky,Paddeley,M,62,Ullrich-Herman,13 Sunnyside Trail,Avlónas,801-789-7096,534-705-2715,kpaddeley3m@columbia.edu
Dorie,Hasnip,M,58,Frami-Walter,034 Rigney Lane,Vynohradivka,326-381-1882,309-133-5459,dhasnip3n@house.gov
Clemmy,Bennion,F,83,Kris-Ankunding,61011 Karstens Point,Zouparria do Monte,709-476-5489,971-227-4304,cbennion3o@google.co.jp
Grazia,Stansbie,F,84,Lueilwitz-Howe,9951 Ridge Oak Pass,Zaragoza,817-285-2845,923-797-7371,gstansbie3p@pen.io
Montague,Light,M,81,"Ebert, Larson and Casper",007 Summerview Avenue,Salgueiro,644-151-5496,763-987-3313,mlight3q@msn.com
Kiley,Cundey,M,35,Goyette and Sons,55 Daystar Terrace,Miyoshi,230-473-1796,229-669-6625,kcundey3r@ed.gov
Monika,Firks,F,83,Bednar-Schultz,707 Coolidge Street,Lousa,998-294-5440,661-687-0076,mfirks3s@google.de
Bibbie,Barney,F,18,Green LLC,6 Sherman Avenue,Wenquan,643-329-5323,103-317-6662,bbarney3t@prnewswire.com
Otha,Levine,F,31,Berge Group,33339 Brown Way,Jalqamūs,383-508-8046,265-129-0916,olevine3u@vistaprint.com
Boyd,Panner,M,87,"White, O'Connell and Flatley",0 Magdeline Way,Kamenné Žehrovice,384-762-9561,116-514-2651,bpanner3v@dyndns.org
Terrye,Chantillon,F,67,"Schmidt, Dicki and Ferry",5 Meadow Ridge Terrace,Gambalidio,346-751-2818,888-810-1565,tchantillon3w@biblegateway.com
Madelaine,Stangroom,F,20,Shields Group,1 Bluestem Plaza,Mangai,824-935-2491,831-208-1083,mstangroom3x@quantcast.com
Dyane,Beentjes,F,45,"Nienow, Mitchell and Paucek",7 Forster Alley,Daixi,681-231-2827,749-791-1770,dbeentjes3y@51.la
Fleur,Fergusson,F,36,Padberg Group,774 Spenser Way,Ejmiatsin,100-347-9882,906-810-8799,ffergusson3z@free.fr
Robina,Willicott,F,51,Gislason-Carter,81 Longview Junction,Cisarap,397-820-5661,268-244-3906,rwillicott40@360.cn
Ingaberg,De Stoop,F,24,Hane-Bergstrom,5989 Nancy Terrace,Ipil,621-825-2509,866-134-5014,idestoop41@bluehost.com
Paola,Bode,F,23,Sauer LLC,0723 Bluejay Circle,Portachuelo,391-463-0286,333-259-2775,pbode42@usa.gov
Parsifal,Scanlan,M,35,Ritchie LLC,91298 Tennyson Crossing,Nayoro,841-224-3252,937-487-5359,pscanlan43@independent.co.uk
Jane,McKimmie,F,18,Rogahn-Yost,94252 Marquette Way,Puqian,695-125-1023,251-415-6201,jmckimmie44@hp.com
Nicolas,Trowel,M,26,Larson-Doyle,744 Saint Paul Avenue,San Juan del Surutú,288-237-9164,171-589-3248,ntrowel45@archive.org
Lucho,Netley,M,48,Aufderhar and Sons,49286 Starling Center,Sernovodsk,639-555-6491,276-617-8027,lnetley46@nature.com
Rochell,Scobie,F,58,Johns and Sons,47 Garrison Center,Bodø,562-410-3034,425-787-3340,rscobie47@networkadvertising.org
Allie,Blakeslee,F,82,Wolf-Gislason,65919 Continental Crossing,Smołdzino,807-993-5675,416-689-2795,ablakeslee48@github.com
Dietrich,Lanigan,M,29,"Heidenreich, Brown and Stracke",2 Esch Pass,Vitina,858-932-7290,889-821-9585,dlanigan49@cdc.gov
Pru,Adkins,F,29,Boehm-Powlowski,19393 Toban Parkway,Xianxi,243-383-5736,975-442-1631,padkins4a@google.ca
Lavina,Bidmead,F,54,Kassulke-MacGyver,51 Namekagon Lane,Usukhchay,711-743-1825,234-372-1536,lbidmead4b@miibeian.gov.cn
Henrie,Bottom,F,55,Considine-Larkin,1321 Vera Terrace,Podbrdo,611-920-9735,225-662-0069,hbottom4c@uol.com.br
Ellerey,Harrald,M,62,Farrell Group,19766 Hoffman Center,Selmes,245-661-1891,791-570-0570,eharrald4d@alexa.com
Carlos,McGeoch,M,21,Zieme Group,1 Gina Center,Aconibe,239-800-8700,675-617-2060,cmcgeoch4e@slashdot.org
Thia,Wort,F,63,Friesen-Walker,19 Trailsway Avenue,Wuyanquan,114-758-1638,437-277-4286,twort4f@mashable.com
Mischa,Brameld,M,43,"Williamson, Davis and Terry",390 Pleasure Street,Yiwa,628-450-4162,436-735-9413,mbrameld4g@domainmarket.com
Venita,Irwin,F,61,"Cassin, Wolff and Kuphal",6 Iowa Center,Dorp Antriol,127-234-3799,614-817-2298,virwin4h@indiegogo.com
Barton,Gravet,M,78,O'Kon and Sons,068 6th Center,Berëzovka,402-516-2180,946-948-2610,bgravet4i@simplemachines.org
Dru,Ollerhad,M,51,Hills-Ryan,64 Old Shore Parkway,Banjar Dauhmargi,980-190-1864,876-113-0130,dollerhad4j@cnn.com
Eal,Swires,M,29,Hagenes and Sons,84167 Prairieview Alley,Loangmaka,706-139-6502,791-109-0141,eswires4k@accuweather.com
Josy,Flintuff,F,26,Grady-Stoltenberg,4178 Oriole Terrace,Yako,152-611-4108,435-637-5476,jflintuff4l@google.it
Cassie,Thebes,M,73,"Runte, Hirthe and Klein",600 Surrey Park,São Carlos,338-492-9951,373-663-8791,cthebes4m@creativecommons.org
Kassandra,Pritchett,F,35,"Heller, Torphy and Grady",21 Dahle Lane,West Palm Beach,561-435-1961,579-789-7472,kpritchett4n@yahoo.com
Jan,Keller,F,75,Rice LLC,0560 Waubesa Place,Rudnyy,758-131-6364,313-456-5119,jkeller4o@jugem.jp
Emilee,Jorin,F,85,"Schinner, Jast and Schiller",783 Mifflin Trail,Oslo,789-530-9262,127-522-4780,ejorin4p@moonfruit.com
Astra,Bacup,F,84,Schaden Inc,4560 Di Loreto Alley,Muararupit,836-368-8697,854-228-1262,abacup4q@irs.gov
Melisent,Patesel,F,86,"Schumm, Gulgowski and Ortiz",097 Sutherland Drive,Menzel Bourguiba,890-857-9148,988-743-0626,mpatesel4r@geocities.com
Melody,Laister,F,87,"Waelchi, Veum and Cole",467 Kennedy Place,Busdi,663-828-3612,517-517-4054,mlaister4s@lulu.com
Toddy,Huskisson,M,82,Crona-Douglas,3 Vernon Hill,Rzeczenica,758-570-6442,286-624-9462,thuskisson4t@msn.com
Anatol,Desporte,M,77,Carroll and Sons,617 Welch Parkway,Jiujiang,603-519-5604,586-587-1130,adesporte4u@baidu.com
Corey,Westhoff,F,34,"Kutch, McGlynn and Walker",48 Farmco Circle,Áthyra,140-458-3097,998-944-2949,cwesthoff4v@arstechnica.com
Carroll,Arnhold,F,30,Halvorson-O'Connell,46 Talisman Junction,Nong Yasai,925-920-2797,444-229-7158,carnhold4w@whitehouse.gov
Winny,Hawsby,M,78,Will Inc,9912 Kedzie Alley,Jinggongqiao,406-117-8719,297-388-8269,whawsby4x@surveymonkey.com
Muhammad,Verryan,M,75,"Nader, Schmitt and Bernhard",26 David Point,Guojiazhuang,911-448-7301,390-246-2541,mverryan4y@youtube.com
Hieronymus,Klimus,M,82,"Larkin, Satterfield and Romaguera",259 Hoffman Drive,Kalebun,988-756-1546,503-265-7466,hklimus4z@alexa.com
Laraine,Suerz,F,41,Simonis and Sons,4 Linden Terrace,Kompóti,535-238-5778,479-895-8192,lsuerz50@jimdo.com
Talia,Sciusscietto,F,76,Mosciski Inc,7182 Schlimgen Street,Camaçari,925-313-9359,514-252-1002,tsciusscietto51@yellowpages.com
Elden,Gowthorpe,M,28,Schroeder-Mills,64886 Pankratz Crossing,Santa Cruz da Graciosa,157-877-0899,267-517-2482,egowthorpe52@over-blog.com
Carlin,Conti,M,30,Spencer LLC,604 Crescent Oaks Pass,Korisós,935-348-7511,756-922-5537,cconti53@amazon.co.jp
Dusty,Kleen,F,87,"Marks, Kozey and Pfeffer",4 Drewry Road,Gus’-Zheleznyy,801-165-3642,926-212-5671,dkleen54@surveymonkey.com
Marcelle,Perrott,F,86,"Howell, Jacobi and Heidenreich",80954 Hagan Crossing,Shanguang,236-202-2841,885-437-1869,mperrott55@cyberchimps.com
Pate,Mary,M,70,Kub Inc,9 Vernon Crossing,Aksakovo,157-942-6410,860-754-2094,pmary56@desdev.cn
Andeee,Saffran,F,72,Rice-Torp,762 Bultman Center,Hŭkkyo-ri,730-563-1691,665-380-6361,asaffran57@paginegialle.it
Lawrence,Fintoph,M,80,Block-Schamberger,84 Shopko Plaza,Bedford,468-420-4045,311-765-2392,lfintoph58@businessweek.com
Kris,Frill,M,39,"Schiller, Emard and Wolf",06720 Sunfield Lane,Lagoa da Prata,952-837-1094,356-681-0385,kfrill59@livejournal.com
Josiah,Baudoux,M,60,Roob Group,356 Donald Avenue,Altanbulag,121-571-1713,326-626-6444,jbaudoux5a@cbc.ca
Emalee,Sammut,F,24,Raynor Inc,21118 Ohio Avenue,Petersfield,187-981-7038,539-784-9539,esammut5b@feedburner.com
Rutherford,Shakelady,M,52,"Bode, McLaughlin and Schneider",6 Gina Drive,Penebel,544-417-0439,565-257-1005,rshakelady5c@typepad.com
Gerianne,Dibbin,F,21,Dickinson-Rosenbaum,61 Dwight Trail,Souq Larb’a al Gharb,172-398-3772,654-816-4335,gdibbin5d@sakura.ne.jp
Sergeant,Mohan,M,40,Mosciski Group,9 Prentice Plaza,Ronggo,667-616-9058,317-716-3875,smohan5e@guardian.co.uk
Magdalen,Geddes,F,27,"Treutel, Crooks and Kozey",029 Bluejay Lane,Piraju,888-283-5083,331-588-9968,mgeddes5f@japanpost.jp
Yvon,Pilipyak,M,54,O'Keefe-Block,7519 Carioca Alley,Zaragoza,409-715-8876,494-790-5944,ypilipyak5g@tuttocitta.it
Cobb,Jowsey,M,20,"Lockman, O'Connell and Hoeger",17601 New Castle Parkway,Taibao,428-535-1051,380-698-6793,cjowsey5h@rakuten.co.jp
Rhody,Werrilow,F,70,"Lind, Trantow and Thompson",42 Troy Way,Balneário Camboriú,951-411-0591,905-758-6845,rwerrilow5i@npr.org
Vite,Cottell,M,29,Lemke Inc,74 Kenwood Drive,Shahrak-e Bākharz,839-515-8681,231-287-9795,vcottell5j@google.com
Anderson,Vanni,M,30,O'Keefe Inc,971 Claremont Alley,Kálymnos,642-758-0879,587-565-0271,avanni5k@nydailynews.com
Trevor,Wanderschek,M,81,Heller Group,3674 Raven Street,Ikaalinen,242-567-0632,257-502-9811,twanderschek5l@squarespace.com
Aubrey,Dodgson,F,84,Schmidt-Mayer,8 Armistice Crossing,Limoges,617-634-7540,357-176-2083,adodgson5m@ed.gov
Barbette,Dykins,F,65,"Mann, Gerlach and Wuckert",7814 Randy Terrace,Xichehe,779-888-1293,836-796-3648,bdykins5n@seesaa.net
Gwendolyn,Horburgh,F,40,Steuber-Bogisich,060 Sloan Center,Pingfeng,141-988-0749,461-803-6201,ghorburgh5o@indiegogo.com
Ozzie,Cormack,M,21,Fahey-Kessler,091 Northview Street,Serzedelo,543-203-6265,507-286-0057,ocormack5p@nsw.gov.au
Aurelia,Bembrigg,F,79,Quitzon Group,3 Sunbrook Plaza,Laval,562-117-4767,161-934-3614,abembrigg5q@squidoo.com
Rosene,Kopp,F,20,Deckow-Feil,28882 Laurel Terrace,Changjiang,528-780-7454,283-471-5449,rkopp5r@imageshack.us
Gretal,Brill,F,64,Bogisich-Kuhn,3 Sutteridge Center,Aguazul,395-289-0991,696-122-8776,gbrill5s@soup.io
Enos,Roles,M,66,"Stoltenberg, Stiedemann and Auer",84 Michigan Park,Kouvola,837-875-0507,364-387-5036,eroles5t@pagesperso-orange.fr
Adeline,Snyder,F,30,Hudson Inc,60 Grover Parkway,Vyborg,615-535-6895,226-804-1731,asnyder5u@shareasale.com
Nanete,Bansal,F,51,"Grimes, Reilly and Doyle",36 Forest Pass,Somdet,500-866-0736,872-532-6837,nbansal5v@aboutads.info
Bail,Martensen,M,73,"Wisoky, Huels and Runte",68712 Myrtle Parkway,Kroya,552-897-9030,772-941-9141,bmartensen5w@github.io
Tadeo,Budgen,M,29,"Wiza, Schaden and Schmeler",7286 Mcguire Park,Shibirghān,355-514-2858,297-778-0526,tbudgen5x@istockphoto.com
Jonathon,Lasseter,M,72,Batz-Farrell,03258 Anthes Street,La Rochelle,335-572-9886,919-281-2846,jlasseter5y@opera.com
Leonid,Thams,M,67,Harvey-Bednar,71 Donald Park,Klole,629-716-7484,149-171-7204,lthams5z@domainmarket.com
Adiana,Huzzay,F,22,"Rosenbaum, Towne and Aufderhar",205 Nova Drive,Smokvica,881-650-9100,995-649-3113,ahuzzay60@prlog.org
Giacomo,Longford,M,53,Macejkovic-Koch,33993 Jay Hill,Ebute Ikorodu,199-576-8617,432-151-7707,glongford61@freewebs.com
Annnora,Cope,F,73,"Swaniawski, Kling and Bergstrom",993 Florence Lane,La Paz,321-165-9495,121-118-5167,acope62@cafepress.com
Mavis,Moyles,F,26,Borer Group,98002 Fallview Way,Norrtälje,492-180-9434,152-417-6112,mmoyles63@salon.com
Arron,Crutchfield,M,45,McDermott-Bernier,3414 Arapahoe Lane,Jönköping,243-734-2966,879-948-8013,acrutchfield64@weebly.com
Shara,Klawi,F,36,Shanahan Group,0176 Loftsgordon Park,‘Ayn Ḩalāqīm,867-620-0610,128-109-5599,sklawi65@booking.com
Eula,Shinton,F,53,Roob-Schoen,5 Evergreen Terrace,Nierumai,911-140-2151,364-383-2681,eshinton66@aboutads.info
Kordula,Trenam,F,39,"Parker, Shanahan and Hayes",4 Elmside Circle,Buga,252-304-4642,667-923-7043,ktrenam67@time.com
Stafford,Cribbott,M,20,Nader-Koelpin,151 Shasta Park,Zuogaiduoma,984-449-2251,234-486-4538,scribbott68@sun.com
Sigismundo,Riggeard,M,86,"Will, Hagenes and Koch",749 Mallory Street,Ngrambitan,861-458-5709,859-316-6607,sriggeard69@cnn.com
Matthaeus,D'eathe,M,44,"Sauer, Ernser and Corkery",463 Delladonna Crossing,Guxi,927-101-3453,884-237-4221,mdeathe6a@techcrunch.com
Lowell,Fehely,M,58,Feest LLC,13484 Sachtjen Parkway,Dalianwan,354-650-4148,370-565-2413,lfehely6b@surveymonkey.com
Hildy,Diggar,F,32,Hansen-Corwin,5553 Loomis Junction,Uspenskoye,555-644-8914,151-549-3674,hdiggar6c@lycos.com
Cal,Caplan,F,36,Marvin and Sons,6403 Elka Pass,Cibeureum,666-650-2168,997-991-9351,ccaplan6d@huffingtonpost.com
Kendre,Woodrow,F,44,Nitzsche-Heidenreich,79 Blaine Street,Llorente,642-337-2737,450-507-4592,kwoodrow6e@alibaba.com
Kipp,Junifer,F,33,Yundt-Homenick,2693 Blue Bill Park Hill,Koilás,339-636-6980,192-643-6208,kjunifer6f@deviantart.com
Lorinda,Beaument,F,68,Schuster-Walsh,16 Nevada Parkway,Gelang,450-200-0288,600-631-8266,lbeaument6g@scribd.com
Brewster,Aughtie,M,85,Ruecker-Johns,7531 Monica Crossing,Xam Nua,319-452-8138,682-127-8148,baughtie6h@mtv.com
Constantino,Ansteys,M,59,Fisher Inc,6422 West Lane,Linköping,301-961-1884,193-881-2818,cansteys6i@tuttocitta.it
Dall,Ryce,M,31,Stark-Boehm,05 Sachs Road,Karadaglije,878-921-7923,193-893-6701,dryce6j@ted.com
Ferdy,Inwood,M,41,"Dietrich, Boyle and Jaskolski",1 5th Center,Cha’anpu,960-539-4570,963-143-3084,finwood6k@netvibes.com
Freda,Tyer,F,38,"O'Reilly, Kirlin and Runolfsson",56 Utah Hill,Kamenica,358-941-3091,424-231-3326,ftyer6l@feedburner.com
Karrah,Coote,F,80,"Larkin, Kris and Heathcote",71955 Cottonwood Place,Thawi Watthana,627-148-0921,242-197-9062,kcoote6m@blog.com
Waylan,Kincla,M,29,"Haley, Lindgren and Dibbert",9142 Valley Edge Park,Gonzalo,275-855-3660,606-912-3683,wkincla6n@skype.com
Myranda,Crathorne,F,77,Wunsch-Deckow,9535 Nobel Junction,Águas de Lindóia,247-201-1662,928-592-3494,mcrathorne6o@printfriendly.com
Lura,Powlett,F,27,"Morar, Larkin and Lueilwitz",645 Vermont Drive,Shatoujiao,723-795-7244,781-778-4520,lpowlett6p@salon.com
Dalton,Kenson,M,84,"Funk, Boehm and Schimmel",6 Grayhawk Park,Sukolilo,753-424-0515,779-240-8778,dkenson6q@google.co.jp
Rafaellle,Drewery,M,48,Conn Group,09232 Redwing Road,Otacílio Costa,687-986-8703,157-822-8278,rdrewery6r@multiply.com
Bartholemy,Oertzen,M,55,Ryan-Bayer,62 Canary Street,Dibba Al-Fujairah,971-771-2665,628-627-0715,boertzen6s@mayoclinic.com
Amalia,Scarratt,F,85,"White, Marks and Gislason",432 Stone Corner Place,Nong Chik,990-317-8461,340-573-3100,ascarratt6t@mail.ru
Stanfield,Swetman,M,25,O'Connell-Spencer,73478 Dorton Circle,Bafia,645-363-8354,899-601-1753,sswetman6u@salon.com
Abbott,Stadding,M,54,Lueilwitz and Sons,32 Mockingbird Point,Bulasa,183-663-4928,516-664-7138,astadding6v@icq.com
Katee,Berick,F,63,Altenwerth-Turner,906 Badeau Alley,Pātan,349-881-7723,958-477-2623,kberick6w@photobucket.com
Leilah,Batting,F,43,Conn Inc,4579 Lakeland Circle,Haradzishcha,736-926-9601,173-269-9635,lbatting6x@youtube.com
Ellie,Godwin,F,38,"Nienow, Schuster and Doyle",9390 Golf Point,Penisihan,643-264-0374,242-839-4379,egodwin6y@ow.ly
Hewie,Sholem,M,22,Mraz-Hilpert,207 Southridge Crossing,Kopayhorod,840-629-3808,150-836-0579,hsholem6z@shareasale.com
Dee,Waistell,F,43,Pagac-Wunsch,9 New Castle Hill,Jinshandian,339-349-1337,413-251-7287,dwaistell70@shutterfly.com
Viviana,Bourgaize,F,53,Schimmel-Wolf,64653 Magdeline Place,Al Mazra‘ah ash Sharqīyah,310-695-8433,841-593-0933,vbourgaize71@microsoft.com
Tabby,McGaugan,M,49,Turcotte-Green,6103 School Crossing,Zhanghuban,231-462-0261,907-198-1714,tmcgaugan72@admin.ch
Alic,Burland,M,69,Larson Inc,826 Novick Center,Chamical,670-958-8374,958-899-1553,aburland73@prweb.com
Danella,Norsworthy,F,39,"Maggio, Price and Hoppe",2554 6th Trail,Wanquan,187-744-5871,184-112-5789,dnorsworthy74@google.ru
Maribelle,Phettiplace,F,57,Torphy and Sons,56 Sachtjen Drive,San Juan de Manapiare,261-434-9849,384-587-8158,mphettiplace75@behance.net
Ana,Wadham,F,85,"Denesik, Toy and Dibbert",399 Miller Hill,Portela,883-138-1422,498-362-6167,awadham76@amazon.co.uk
Rance,Raeburn,M,51,Bruen and Sons,34668 Bunting Circle,Gävle,806-987-6185,629-581-4073,rraeburn77@delicious.com
Angelle,Fowlestone,F,40,"Luettgen, Casper and Howell",95478 Oneill Drive,Karangnunggal,130-438-8534,492-390-2204,afowlestone78@w3.org
Pru,Eccersley,F,71,"Klocko, Turner and Funk",874 Sunnyside Center,Bel Air Rivière Sèche,689-736-0402,160-794-3788,peccersley79@guardian.co.uk
Lira,Goggen,F,50,Goodwin LLC,8025 Florence Alley,Golovchino,758-904-3584,338-733-4781,lgoggen7a@uiuc.edu
Hadrian,Steinham,M,59,Bartoletti Inc,13069 Delaware Pass,Nicolet,518-785-8070,211-476-9249,hsteinham7b@google.com
Leontine,Grayham,F,60,"Tillman, Macejkovic and Murphy",81 Dennis Drive,Changping,768-940-3865,581-861-9843,lgrayham7c@statcounter.com
Julio,Seefeldt,M,77,Herzog-Brown,887 Elgar Street,Wuṯahpūr,121-563-4442,980-428-7946,jseefeldt7d@imdb.com
Eugenia,Soitoux,F,37,"Hessel, Hermann and Jacobi",31 Trailsway Trail,Huddinge,184-396-8927,189-922-5664,esoitoux7e@intel.com
Keir,Holmyard,M,50,"Reinger, Little and Bahringer",9364 Fairview Parkway,Żoliborz,497-572-1648,107-119-6312,kholmyard7f@nbcnews.com
Jessica,Le Noury,F,65,Ruecker-Auer,66 Gateway Plaza,Magisterial,654-783-9756,173-419-8454,jlenoury7g@istockphoto.com
Katuscha,Edler,F,35,"Jones, Nicolas and Kemmer",9 Kedzie Pass,Ganja,644-134-3586,698-164-4799,kedler7h@mayoclinic.com
Lynnet,Fussell,F,86,"Dibbert, Powlowski and Schinner",22 Continental Lane,Gomel,200-661-7979,898-162-3149,lfussell7i@trellian.com
Luciano,Adin,M,56,Beier and Sons,2100 Pleasure Drive,Trångsund,581-343-3712,405-926-6140,ladin7j@berkeley.edu
Martina,Dragon,F,21,Vandervort-Wiza,1345 Riverside Street,Oyabe,839-367-8042,453-997-5893,mdragon7k@mtv.com
Ainslee,Dybell,F,69,Schmidt Inc,9495 Paget Alley,Souto,678-423-5930,838-311-3731,adybell7l@netvibes.com
Sher,Jelf,F,77,"Veum, Spinka and Vandervort",315 Buhler Point,Baniachang,202-765-8885,439-371-1220,sjelf7m@mit.edu
Purcell,Ewings,M,80,"Kohler, Williamson and Connelly",5461 Carioca Point,Kisasa,957-746-7906,551-111-9282,pewings7n@sina.com.cn
Gale,Gorgen,M,62,Strosin Group,30 Village Alley,Storuman,764-912-4882,776-530-3850,ggorgen7o@cpanel.net
Mayor,Lages,M,40,Hammes Inc,880 Bellgrove Road,Changhan,934-874-4487,356-265-8570,mlages7p@csmonitor.com
Kassey,Creber,F,76,"Lindgren, Heidenreich and Shanahan",96 Garrison Point,Iecava,642-521-5836,277-576-5207,kcreber7q@angelfire.com
Nate,Dwyr,M,46,Green Inc,10 Corscot Pass,Lowotukan,541-234-3768,172-315-9722,ndwyr7r@51.la
Gerry,Dalliwatr,F,71,Funk Inc,03366 Laurel Trail,Tarsouat,653-726-8579,355-975-0198,gdalliwatr7s@blogtalkradio.com
Sergeant,Sydney,M,70,Hessel and Sons,544 Coleman Crossing,Vestmannaeyjar,160-316-3325,187-862-8192,ssydney7t@oaic.gov.au
Gregor,Vakhrushin,M,36,VonRueden and Sons,2 Morningstar Avenue,Nanling,870-324-6553,389-492-6919,gvakhrushin7u@twitter.com
Jamima,Pykerman,F,86,"Grimes, Feeney and Reinger",3 Shoshone Parkway,Huai’an,969-278-4250,816-139-5970,jpykerman7v@imdb.com
Ellwood,Broadis,M,50,"Watsica, Tillman and Pacocha",95 Loomis Circle,Xiaba,940-914-2191,897-838-6802,ebroadis7w@photobucket.com
Aleen,Jakubowicz,F,86,Waelchi-Mante,040 Dorton Drive,Głogów Małopolski,434-694-4034,460-807-7385,ajakubowicz7x@ed.gov
Virge,Gawke,M,65,Predovic LLC,26149 Buena Vista Drive,Šipovo,588-386-3036,663-377-0752,vgawke7y@flavors.me
Caddric,Moralis,M,86,Kemmer-Wiegand,1 Lotheville Lane,Fovissste,162-835-9028,522-640-5833,cmoralis7z@joomla.org
Bria,Thain,F,49,"Pollich, Pfeffer and Christiansen",9402 Ruskin Way,Ełk,467-891-7592,600-729-1603,bthain80@jimdo.com
Dorolisa,Szymoni,F,33,"Schowalter, Streich and Bruen",3187 Lighthouse Bay Trail,Fortaleza,921-642-9385,724-726-4298,dszymoni81@surveymonkey.com
Nickie,Gouldthorp,F,70,Gulgowski Inc,341 Ohio Road,Garahan,367-904-4160,630-717-9069,ngouldthorp82@newsvine.com
Margarita,Harriagn,F,34,McCullough-Armstrong,1651 Schiller Hill,Shuqiao,665-669-0091,623-579-0578,mharriagn83@liveinternet.ru
Lurleen,Fewell,F,46,Hartmann-Von,61 Dunning Court,Cantagallo,918-759-9344,252-579-9263,lfewell84@ucoz.ru
Talya,Minihane,F,80,Douglas and Sons,399 Stone Corner Crossing,Sandaohezi,950-579-7188,849-446-5515,tminihane85@admin.ch
Eugenius,Vaar,M,39,Watsica-Krajcik,8559 Dahle Way,Kuala Terengganu,332-188-4525,890-887-5227,evaar86@1688.com
Joshuah,Bow,M,43,Botsford Inc,21684 Old Shore Avenue,Al Finţās,443-657-8931,974-985-6234,jbow87@techcrunch.com
Miles,Leahair,M,41,Sawayn Inc,86 Porter Plaza,Gabès,309-407-0686,474-530-5123,mleahair88@etsy.com
Barbi,Greenwell,F,51,Beer LLC,2 Merchant Road,Shishan,854-932-2003,693-534-8584,bgreenwell89@alexa.com
Doug,Luxon,M,27,"Roberts, Mills and Langosh",35249 La Follette Plaza,Sumurnanjung,735-693-2649,338-670-6641,dluxon8a@cbslocal.com
Onofredo,Passingham,M,70,Greenholt Inc,50513 Warrior Plaza,Pantin,143-377-0007,248-296-0888,opassingham8b@techcrunch.com
Dorette,Akers,F,39,Swaniawski-Jacobi,07 Huxley Road,Zhuanshui,730-739-2340,515-860-8876,dakers8c@timesonline.co.uk
Sadie,Pellatt,F,76,Hand and Sons,1 Tony Pass,Sumberrejo,682-542-4272,938-458-9594,spellatt8d@ycombinator.com
Elyse,Hargess,F,83,"Bauch, Waters and Hansen",0700 Bellgrove Terrace,Morawica,369-491-1017,167-984-7643,ehargess8e@huffingtonpost.com
Sayers,Rattenberie,M,34,"Sporer, Keebler and Wilkinson",656 Fremont Park,Santa Clara,379-512-3252,286-685-7248,srattenberie8f@jiathis.com
Suzanna,Brosch,F,74,"McCullough, Stehr and Crona",9266 Nova Crossing,Mstsislaw,922-876-5487,143-366-6195,sbrosch8g@ftc.gov
Hazlett,Lowndsborough,M,84,"Senger, Mante and Cartwright",223 Porter Point,Novonikol’sk,849-104-8926,907-822-7093,hlowndsborough8h@shinystat.com
Galvin,Bohje,M,69,Considine-Lehner,1 Onsgard Lane,Bobadela,355-513-4608,617-758-5281,gbohje8i@huffingtonpost.com
Zelma,Phetteplace,F,34,"Moen, Klein and Mitchell",64 Heath Circle,Kawaguchi,496-198-3210,573-816-6356,zphetteplace8j@cnbc.com
Xenos,Canero,M,39,"Corwin, Kunze and Sanford",785 Grim Hill,Jahrom,404-547-0264,617-825-9879,xcanero8k@netlog.com
Zola,Kayley,F,73,Lubowitz and Sons,7 Kinsman Court,Suhopolje,625-236-6616,578-781-1427,zkayley8l@163.com
Ethelind,Sigfrid,F,79,"Strosin, Jerde and Russel",9432 Reindahl Drive,Baykalovo,867-476-2772,718-828-9279,esigfrid8m@stumbleupon.com
Jourdan,Tohill,F,50,"Grimes, Wuckert and VonRueden",66756 Elmside Way,Nāḩiyat as Sab‘ Biyār,425-145-9914,638-363-6921,jtohill8n@netlog.com
Riobard,Ackwood,M,77,Johns Group,9659 Starling Drive,Wendengying,338-821-0245,435-982-5596,rackwood8o@is.gd
Herrick,Mepsted,M,62,"Lowe, Ullrich and Jenkins",3160 Tony Parkway,Idhnā,793-971-5764,999-428-5205,hmepsted8p@ihg.com
Elysia,Attock,F,87,"Erdman, Parisian and Botsford",2673 Florence Crossing,Vitim,236-386-6117,522-428-6352,eattock8q@360.cn
Lilyan,Torricina,F,69,Hayes-Legros,45434 Dwight Plaza,Bai’e,601-514-6417,454-265-6431,ltorricina8r@cdbaby.com
Rogers,Sidary,M,58,Moen Group,27662 Loeprich Avenue,Mrągowo,216-668-0115,675-259-7420,rsidary8s@huffingtonpost.com
Minerva,Baty,F,44,"Berge, Oberbrunner and Bartoletti",663 Kinsman Street,Huangrangping,941-612-3850,724-286-9533,mbaty8t@utexas.edu
Gerardo,Boustead,M,61,"Conn, Predovic and Halvorson",94 Onsgard Drive,Sankera,677-713-6061,834-734-7243,gboustead8u@irs.gov
Perrine,Diperaus,F,59,Johnson-Marquardt,5244 Kedzie Way,Concepción de la Barranca,752-702-8286,639-975-1848,pdiperaus8v@youku.com
Manda,Raynor,F,67,"Bruen, Schamberger and O'Conner",36 Mandrake Place,Youshan,300-116-7777,173-572-3510,mraynor8w@woothemes.com
Sayer,Jory,M,51,Glover-Fritsch,20917 Becker Court,Wang Saphung,670-266-5130,309-502-8911,sjory8x@google.es
Lucky,Trowbridge,F,79,Botsford-Glover,091 Canary Parkway,Semey,167-909-9198,366-552-2808,ltrowbridge8y@go.com
Sydney,Manchett,M,87,"Blanda, MacGyver and Lesch",196 Bashford Crossing,Roshnik,487-968-7464,490-239-4499,smanchett8z@forbes.com
Karen,Mc Meekin,F,18,"Labadie, Maggio and Roob",10 Clarendon Terrace,Kedatuan,125-888-0207,312-830-2680,kmcmeekin90@rambler.ru
Rodger,Lorente,M,53,Fahey and Sons,741 8th Hill,Juupajoki,914-391-8082,830-653-2404,rlorente91@google.nl
Shayne,Brightling,M,39,"Bailey, Luettgen and Kutch",329 Havey Plaza,Hukvaldy,650-585-8528,836-474-6609,sbrightling92@ucla.edu
Moina,Mussett,F,40,"Stiedemann, Haag and Cummings",031 Burrows Avenue,Arlöv,411-582-8054,567-608-7653,mmussett93@godaddy.com
Karlen,Heady,F,47,Hegmann Group,69 Mandrake Circle,Gimcheon,584-916-5781,864-988-2399,kheady94@blogtalkradio.com
Brook,Anchor,M,79,Shanahan-Lemke,2889 2nd Alley,Kertamukti,394-358-1471,100-551-3692,banchor95@drupal.org
Emilio,Fisbey,M,77,Fay Inc,76 Anzinger Street,Karak,426-994-1330,627-415-4684,efisbey96@studiopress.com
Huey,Gammie,M,84,Ward-Bauch,18139 Union Court,São Sebastião do Caí,638-565-4190,786-372-5846,hgammie97@wikispaces.com
Abbe,Reames,F,82,Swift LLC,04 Sutteridge Center,Krajan,817-582-4431,288-414-7707,areames98@ycombinator.com
Cordelia,Brinded,F,26,Johnson Inc,6122 David Lane,Milano,150-999-3559,239-291-0626,cbrinded99@intel.com
Kimberli,Pellatt,F,37,Bode-Balistreri,6 7th Pass,Pomerode,746-936-6886,944-280-3849,kpellatt9a@slate.com
Debee,Mease,F,65,Harvey LLC,27246 Walton Court,Santo Amaro,262-196-2169,304-817-1744,dmease9b@xrea.com
Hadria,Morrid,F,41,Rau Inc,9461 Coolidge Alley,Nunhala,963-299-7571,816-929-8415,hmorrid9c@gizmodo.com
Dulcia,Reckless,F,71,Torphy-West,09815 Arizona Park,Beiqi,204-957-2448,117-594-2993,dreckless9d@digg.com
Corella,Clyburn,F,27,Haley Inc,1702 Farwell Court,Nangerang,173-391-9323,690-733-6108,cclyburn9e@bloomberg.com
Patience,Caser,F,81,Pacocha LLC,87267 Calypso Plaza,Quỳ Châu,371-908-2838,989-754-6200,pcaser9f@zimbio.com
Yvette,Aasaf,F,29,"Schmidt, Towne and Stoltenberg",81344 La Follette Trail,Coayllo,241-157-9606,254-966-2298,yaasaf9g@plala.or.jp
Tara,Dallas,F,52,"Shields, Hilpert and Nitzsche",9 Colorado Hill,El Mirador,120-551-4116,320-756-8018,tdallas9h@ow.ly
Aloysius,Dewbury,M,40,Conroy Group,03 Monterey Road,Birobidzhan,921-834-3921,360-175-5153,adewbury9i@prnewswire.com
Clemence,Szymczyk,F,34,"Klein, Swaniawski and Bahringer",99 Fordem Junction,Fresno,559-540-4904,533-565-7473,cszymczyk9j@yahoo.com
Glenn,Lannon,F,29,Stanton and Sons,000 Columbus Pass,Rakitnoye,408-451-6809,173-443-1855,glannon9k@multiply.com
Kimberly,Huckin,F,30,"Armstrong, Mante and Boyer",464 Golden Leaf Road,Pringgoboyo,111-849-7953,248-131-4076,khuckin9l@microsoft.com
Luci,Dimitrescu,F,52,"Bergnaum, Ernser and Rippin",32 Dahle Lane,Sovetskaya Gavan’,964-479-2113,515-735-8176,ldimitrescu9m@zdnet.com
Gale,Frill,F,83,"Sawayn, Berge and O'Reilly",18 Riverside Street,Ituberá,610-368-5226,217-838-8667,gfrill9n@vk.com
Maegan,Tanfield,F,18,Kris and Sons,12142 Chinook Crossing,Pallasovka,677-966-0862,818-857-4892,mtanfield9o@cmu.edu
Uri,Nugent,M,76,Hansen Inc,81380 Nevada Terrace,Angoulême,893-566-1448,176-408-6385,unugent9p@geocities.jp
Sarine,Denholm,F,34,Feil-Effertz,8124 Fremont Terrace,Lýkeio,763-145-6722,352-806-2296,sdenholm9q@yellowpages.com
Trefor,Baud,M,40,Halvorson and Sons,0 Fisk Road,Jiayuguan,492-257-2447,685-161-8695,tbaud9r@unblog.fr
Kriste,Immins,F,62,Labadie-Sawayn,12312 Crowley Hill,Llazicë,572-180-8560,288-579-5904,kimmins9s@gov.uk
Aguie,Linggard,M,39,Cole-McDermott,8 Dwight Avenue,Dar Chabanne,904-212-8330,593-501-2325,alinggard9t@archive.org
Carolan,Ivanyushin,F,49,Schultz-Schiller,8 Stuart Drive,Thị Trấn Na Sầm,478-825-1268,233-680-4195,civanyushin9u@oaic.gov.au
Giavani,Claesens,M,87,Weimann and Sons,0677 Sunfield Circle,Hājīganj,226-416-3407,145-532-7933,gclaesens9v@squarespace.com
Noelani,Oakenfall,F,24,Nienow and Sons,13 Northfield Trail,Fangjun,400-759-6674,437-667-0951,noakenfall9w@dell.com
Terrill,Caseri,M,82,Hirthe-Kihn,92 Gateway Trail,La Vega,273-260-9028,175-618-7475,tcaseri9x@liveinternet.ru
Karlens,Dymoke,M,66,"Predovic, O'Hara and Corkery",867 Barby Plaza,Lancar,795-442-8792,584-278-0125,kdymoke9y@umn.edu
Ruddie,Golden of Ireland,M,64,Treutel Group,8494 Muir Parkway,Vidoši,403-827-6472,833-378-3296,rgoldenofireland9z@ustream.tv
Whitney,Killerby,M,48,Kovacek Group,2 Westport Circle,Fonseca,817-984-0697,784-997-1266,wkillerbya0@dmoz.org
Inga,Romero,F,82,"Hackett, Ryan and Hodkiewicz",90 Crescent Oaks Street,Vacaria,189-468-9928,855-784-8326,iromeroa1@ovh.net
Darla,Triplow,F,80,"Schmitt, Bode and Cormier",932 Corry Plaza,Batarasa,733-118-7878,592-149-4329,dtriplowa2@globo.com
Baillie,Bertl,M,51,"Turner, Stamm and Borer",583 Schlimgen Drive,Isla,708-748-1171,884-657-7682,bbertla3@msu.edu
Wallis,Beetham,F,64,Dare Group,61 Independence Place,Basel,644-740-5174,971-428-4410,wbeethama4@goo.gl
Shannon,Fearnley,M,31,"Schneider, Torphy and Leannon",63 Hoard Pass,Xiaogang,261-673-5757,852-584-7253,sfearnleya5@addtoany.com
Ricki,Ost,M,23,"Crist, Bruen and Reilly",6380 Hoffman Point,Pangai,378-567-0594,207-228-2213,rosta6@zdnet.com
Jenelle,MacKissack,F,82,Doyle and Sons,383 Fallview Street,Tlogowetan,326-495-9837,372-177-4282,jmackissacka7@1und1.de
Roanne,Odams,F,32,Wyman-Rath,481 Kipling Alley,Tostado,398-561-8270,159-594-3927,rodamsa8@free.fr
Levin,Hayland,M,55,McCullough LLC,11 Shoshone Court,Khondāb,257-596-1694,418-644-8899,lhaylanda9@google.cn
Alecia,Crothers,F,28,"Schulist, Carroll and Hilll",666 American Ash Circle,Armamar,143-347-2753,202-719-4528,acrothersaa@cbsnews.com
Rosemarie,Iveagh,F,28,Keeling-Kautzer,9 Red Cloud Trail,Chmielno,573-918-7672,594-663-5495,riveaghab@liveinternet.ru
Zelma,Horning,F,30,Hyatt-Schoen,38 Village Green Hill,Liangchahe,632-944-5748,114-742-8220,zhorningac@yolasite.com
Marshal,Beldom,M,25,Cartwright LLC,2817 Hollow Ridge Road,Penanggapan,699-979-3367,503-744-7384,mbeldomad@dagondesign.com
Tybie,Wallis,F,54,VonRueden-Oberbrunner,52 Mallory Avenue,Xuchang,326-842-3937,422-347-1096,twallisae@bizjournals.com
Kendell,Cordingley,M,27,Stanton-Watsica,69 Oneill Road,Oekuu,159-588-3803,829-816-1796,kcordingleyaf@cam.ac.uk
Shannen,Wyleman,F,52,Mills-Schamberger,826 Garrison Street,Nankai,785-543-0405,754-154-2236,swylemanag@macromedia.com
Felike,Demanche,M,75,Bruen-Goodwin,2960 Meadow Vale Court,Baguio,364-757-5612,844-148-7355,fdemancheah@woothemes.com
Iggy,Twiddle,M,32,Predovic and Sons,731 Pankratz Alley,Qorao’zak,715-690-9076,284-512-9647,itwiddleai@themeforest.net
Jodi,Tissington,F,49,O'Keefe-Muller,633 Fisk Court,Zhichu,249-724-6670,910-216-8480,jtissingtonaj@chron.com
Kassia,Glencrash,F,81,Stiedemann and Sons,42061 Steensland Street,Quintã,309-524-4763,569-187-1041,kglencrashak@ca.gov
Dorian,Teese,M,45,"Farrell, Boyer and Kris",0731 Division Circle,Sonorejo,597-493-2316,600-592-0759,dteeseal@accuweather.com
Muriel,Cumberbatch,F,32,"Thiel, Bogan and Toy",615 Independence Hill,Pojok,818-299-5208,699-659-5380,mcumberbatcham@google.it
Caria,Piddle,F,70,Gibson-Hickle,6 Schurz Point,Niquelândia,795-916-6833,249-399-5573,cpiddlean@alexa.com
Garald,Kitteridge,M,56,Rolfson-Bartoletti,5 Summerview Hill,Bagani,650-120-6704,346-419-1112,gkitteridgeao@wufoo.com
Lou,Biagi,F,45,"Grant, Ryan and Koch",469 Cottonwood Street,Sumberejo,723-243-6805,543-689-5270,lbiagiap@blogspot.com
Jasun,Rumbellow,M,24,Gerlach-Becker,0 Westend Parkway,Shanggan,478-102-1554,336-260-2698,jrumbellowaq@cafepress.com
Carlita,Leechman,F,31,Adams and Sons,67 Shelley Road,Nangewer,971-191-0400,453-571-5694,cleechmanar@google.co.uk
Verge,Langridge,M,64,Runolfsson LLC,0016 Derek Court,Mulyadadi,706-207-9859,202-783-3648,vlangridgeas@cbc.ca
Grady,Corkan,M,87,Willms LLC,7 Sunbrook Circle,Melgar,740-845-5790,791-663-4465,gcorkanat@webs.com
Blair,Mathivon,M,79,Gutkowski and Sons,9063 Garrison Point,Shuanghe,848-422-9977,942-998-8479,bmathivonau@cisco.com
Salomo,Spracklin,M,39,Hessel Group,1 Mendota Lane,Koudougou,801-529-6876,621-108-2800,sspracklinav@dmoz.org
Jeremy,Greensted,M,38,Steuber-Parisian,2 Delaware Point,Atafu Village,214-431-4129,439-108-1939,jgreenstedaw@sciencedirect.com
Lydon,Hayller,M,26,Streich-Rolfson,036 Main Plaza,Balfour,116-817-0001,641-709-0149,lhayllerax@time.com
Wood,Chotty,M,34,Hermiston-Keebler,88122 Westridge Terrace,Sheregesh,862-254-7088,146-300-2718,wchottyay@mediafire.com
Eliot,Mulligan,M,74,Doyle Inc,9 Manley Drive,Tengah,996-724-6907,246-332-1847,emulliganaz@weather.com
Allie,Gillison,M,57,"Davis, Zboncak and Streich",36785 Fremont Trail,Saint-Rémy-de-Provence,660-100-5914,531-224-6278,agillisonb0@fotki.com
Cherianne,Height,F,69,Marvin and Sons,26691 Maywood Street,Resende,998-168-9576,390-828-4315,cheightb1@blogs.com
Rice,Oiller,M,31,Luettgen-Corwin,46985 Debra Court,Czemierniki,466-275-6850,733-891-3227,roillerb2@columbia.edu
Basil,McNeely,M,29,Cremin-Luettgen,1884 North Parkway,Coronel Vivida,127-637-2722,811-653-4046,bmcneelyb3@whitehouse.gov
Nicolis,Verduin,M,40,Weimann-Luettgen,8144 Sauthoff Park,Cikadongdong,533-120-8191,198-473-9244,nverduinb4@godaddy.com
Lorinda,Crocker,F,24,Conroy and Sons,323 Almo Crossing,Bolesławiec,969-431-1947,517-964-9875,lcrockerb5@slideshare.net
Raphael,Danzelman,M,59,"Braun, Mohr and Grady",2 Ryan Alley,Suizhong,639-892-8092,640-187-0927,rdanzelmanb6@devhub.com
Elvera,Abelov,F,52,Flatley Inc,7 Forest Run Street,Zmiennica,580-896-4437,324-235-8741,eabelovb7@google.nl
Kara,Ingamells,F,28,"Pfannerstill, Schinner and Kassulke",5488 Gulseth Way,Ringinrejo,555-880-9435,553-109-3735,kingamellsb8@ox.ac.uk
Perice,Gyurko,M,56,Mitchell and Sons,09580 Goodland Drive,Bolilao,733-115-0304,512-107-1503,pgyurkob9@youtu.be
Scarlet,St. Quentin,F,48,Halvorson-Mitchell,6 Mallory Point,Pulautemiang,437-820-5933,494-415-1935,sstquentinba@sohu.com
Beverley,Chitty,F,28,"Hodkiewicz, Morar and Kovacek",944 Sutherland Junction,Macheng,170-857-6123,967-407-5503,bchittybb@virginia.edu
Clemmy,Stobbart,F,79,Douglas-Halvorson,0157 Green Park,Maragogipe,738-680-8517,357-304-8629,cstobbartbc@cyberchimps.com
Alister,Feeham,M,22,McCullough LLC,51556 Karstens Junction,Liping,644-722-6654,528-816-7997,afeehambd@un.org
Gabrielle,Gabriel,F,86,Windler-Shields,74 Warbler Place,Tatarsk,220-827-9656,426-620-1986,ggabrielbe@cmu.edu
Hillary,Matelyunas,F,67,McGlynn-Morissette,214 Basil Drive,Rungis,853-678-0206,936-862-4995,hmatelyunasbf@wix.com
Abran,Denisevich,M,30,Kling and Sons,1680 Magdeline Crossing,Krasnoyarka,408-978-6387,918-279-8899,adenisevichbg@feedburner.com
Cloris,Heiton,F,75,Morar Group,98011 Parkside Terrace,Jubao,117-939-5235,441-244-4347,cheitonbh@sun.com
Jolynn,Peatheyjohns,F,55,Mertz-Hammes,79590 School Way,Sobhādero,581-844-2275,466-984-5413,jpeatheyjohnsbi@opera.com
Orlando,Cracoe,M,46,Powlowski-Nikolaus,884 International Hill,Uubulan,115-147-2334,949-311-9802,ocracoebj@youku.com
Mathilda,Jerrems,F,32,"Casper, Leffler and Cummerata",176 Summer Ridge Way,Caeté,460-197-3670,635-737-8168,mjerremsbk@scientificamerican.com
Berna,Plaunch,F,54,Fadel-Gutkowski,54672 Express Pass,Xinjie,439-855-8766,157-422-5993,bplaunchbl@reverbnation.com
Marsiella,Mounsey,F,66,Hickle-Zieme,0005 Graedel Drive,Bakung Utara,520-648-8149,559-235-9549,mmounseybm@people.com.cn
Filia,Durrell,F,46,"Feeney, Gusikowski and Jacobs",9 Tomscot Park,Saint-Brieuc,817-691-9329,525-896-1957,fdurrellbn@godaddy.com
Spence,MacEnelly,M,60,"Ferry, Shanahan and Kertzmann",59 Scofield Place,Majiang,424-727-4134,721-536-5971,smacenellybo@blogspot.com
Opaline,McCorry,F,29,Considine Group,1 Meadow Ridge Avenue,Tarsouat,308-647-8159,540-936-4654,omccorrybp@ehow.com
Mose,Andor,M,60,Bernhard Group,9387 Claremont Court,Pobé,563-102-7479,278-944-2944,mandorbq@princeton.edu
Leonid,Streeten,M,30,Kautzer LLC,3 Mcguire Point,El Cocuy,893-335-5901,567-608-1439,lstreetenbr@indiegogo.com
Andros,Raubenheimer,M,42,Nitzsche LLC,55 Erie Junction,Qingfa,931-798-1787,237-310-9700,araubenheimerbs@unicef.org
Ardene,Faughey,F,37,Kuphal Inc,0 Oxford Road,Pitai,419-238-3085,789-527-6220,afaugheybt@va.gov
Arch,Betje,M,43,Lind Group,577 Birchwood Trail,Hanyū,490-519-4159,606-734-3981,abetjebu@twitter.com
Lorrie,Dominico,M,29,Robel-Lueilwitz,04 Annamark Plaza,Salamanca,805-803-0304,685-927-5037,ldominicobv@hp.com
Lizzy,Dukes,F,28,Barton-Emard,2010 Hagan Terrace,Pho Thong,167-801-1603,753-630-1465,ldukesbw@archive.org
Terrill,Gallahar,M,44,"Stehr, Kiehn and Schmidt",0640 Thierer Avenue,Linjiang,953-141-1271,212-228-7705,tgallaharbx@deliciousdays.com
Essie,Attkins,F,87,"Barrows, Hoppe and Streich",157 Heath Plaza,Kafr Kannā,950-751-2831,271-831-2469,eattkinsby@epa.gov
Eve,Denk,F,51,Kutch-West,9835 Calypso Circle,Palmerston North,519-387-9374,528-131-0252,edenkbz@163.com
Evvie,Struthers,F,61,Boyle-Olson,1313 Northview Hill,Nova Odessa,341-130-7276,594-335-7623,estruthersc0@harvard.edu
Madlen,Hacquel,F,61,Bechtelar and Sons,178 Pond Court,Kurihashi,694-998-0144,882-147-7374,mhacquelc1@miibeian.gov.cn
Georg,Brassill,M,41,Mayert Inc,0 Prairieview Parkway,Chunhu,101-458-2170,347-609-8383,gbrassillc2@icq.com
Dorian,Campagne,F,38,"Beier, Prosacco and Schoen",0 Prairie Rose Street,Xiexiong,210-771-3505,171-517-1756,dcampagnec3@usda.gov
Mindy,Tanser,F,79,Hahn-Hoeger,95192 Carioca Trail,Coloncito,643-879-1916,539-530-0416,mtanserc4@hhs.gov
Taddeusz,Dower,M,27,Swaniawski-Kuphal,01 Randy Road,Tofa,360-114-7489,716-584-9442,tdowerc5@washington.edu
Bradford,Brodnecke,M,26,"Brakus, Waters and Bosco",2 Crescent Oaks Lane,San Antonio,471-588-8894,277-109-9918,bbrodneckec6@bluehost.com
Taite,Tarzey,M,48,Hills-Sawayn,6 Eliot Place,Maracaibo,543-838-5189,623-863-2943,ttarzeyc7@economist.com
Elsie,Woollends,F,51,"Hane, Jakubowski and Quigley",1097 School Junction,Duy Xuyên,407-103-1635,906-729-9902,ewoollendsc8@disqus.com
Kathy,Morilla,F,38,Jacobs and Sons,8 Crest Line Road,Gaoshi,140-539-7677,196-453-8092,kmorillac9@yelp.com
Kent,Dimmne,M,82,Kertzmann LLC,617 Chive Crossing,Puerto Morazán,811-273-0716,889-656-0231,kdimmneca@cam.ac.uk
Reynolds,Brach,M,35,"Trantow, Kessler and Wintheiser",565 Tomscot Circle,Heshui,869-711-8296,725-347-8466,rbrachcb@intel.com
Zsa zsa,Scrowby,F,47,Hammes Inc,018 Delaware Lane,Baghdad,755-418-5469,923-970-3465,zscrowbycc@wikia.com
Tabbie,Qusklay,M,81,"Gislason, Lind and Stroman",67381 Michigan Avenue,Dongqinggou,463-759-0100,801-611-7922,tqusklaycd@blinklist.com
Bernetta,Londsdale,F,87,Schroeder Inc,840 Lindbergh Street,Baomin,668-338-8357,195-914-1191,blondsdalece@ehow.com
Carmelina,Fannon,F,48,"Anderson, Runolfsson and Kulas",5604 Knutson Crossing,La Roche-sur-Yon,760-800-8052,965-965-9675,cfannoncf@indiatimes.com
Orsola,Bulley,F,51,VonRueden-Mayer,35 Acker Lane,Boca de Parita,465-915-1402,763-156-1306,obulleycg@printfriendly.com
Siusan,Gettens,F,74,Schuppe-Botsford,42230 Aberg Center,Levin,790-377-9793,660-713-5377,sgettensch@xrea.com
Riordan,Legrice,M,53,"Adams, Ward and Balistreri",048 Linden Place,Schellenberg,847-354-5285,417-201-4278,rlegriceci@cocolog-nifty.com
Eugen,Harnett,M,27,"Fisher, Sanford and Swaniawski",72623 Buhler Trail,Boldumsaz,406-129-5203,526-586-9719,eharnettcj@qq.com
Skippie,Breheny,M,57,"Wilkinson, Ritchie and Parisian",73098 Raven Plaza,Ballitoville,265-179-7257,273-646-2657,sbrehenyck@admin.ch
Gifford,Newcombe,M,62,Hamill and Sons,57 Warbler Center,Kamālia,696-916-5847,573-921-1785,gnewcombecl@imdb.com
Prescott,Thain,M,71,"Schimmel, Shields and Rosenbaum",3 Spenser Alley,Kandana,741-109-6114,288-396-5092,pthaincm@blinklist.com
Shay,Grosvener,F,56,Cassin-Larson,4 Johnson Hill,Lidoríki,383-661-4254,865-913-9733,sgrosvenercn@ebay.com
Natalie,Mourbey,F,72,"Considine, Turcotte and Wilkinson",757 American Ash Point,Bato,726-672-5561,651-137-8886,nmourbeyco@de.vu
Gradeigh,Guitel,M,84,Strosin and Sons,3885 Sutherland Parkway,Novyy Karachay,932-929-4094,429-770-6797,gguitelcp@opera.com
Florinda,Benton,F,48,Mante-Berge,9 Caliangt Hill,Tosno,991-404-1108,294-774-0122,fbentoncq@yelp.com
Urbain,Pidgin,M,77,"Volkman, Lesch and Lueilwitz",5723 Dawn Crossing,Taipingying,304-742-0280,796-868-5397,upidgincr@plala.or.jp
Gertrude,Grocott,F,83,Boyer-Lueilwitz,1647 Stuart Parkway,Lyon,262-880-5081,341-839-6973,ggrocottcs@businessweek.com
Benjie,Harrald,M,44,"Ondricka, Murray and Wisoky",773 Mifflin Crossing,Pucacaca,174-875-6628,111-307-3300,bharraldct@icq.com
Krysta,Ching,F,53,Kshlerin-Franecki,7575 Bunker Hill Street,Cabreúva,196-945-6697,396-700-3650,kchingcu@studiopress.com
Sheelah,Swann,F,72,Kuphal-Lind,114 Thierer Point,Lunsar,685-990-2967,351-625-4321,sswanncv@dot.gov
Phylys,Titlow,F,32,Auer-Bins,574 Monterey Street,Rassvet,319-673-0340,601-294-3203,ptitlowcw@cbsnews.com
Kimberlee,Kester,F,37,"Harris, Hills and Gottlieb",60 Elmside Circle,Tigbaw,423-169-2283,874-550-9135,kkestercx@weather.com
Katey,Gehricke,F,70,Emard LLC,5 Bunker Hill Hill,Ozëry,377-213-3574,278-740-2008,kgehrickecy@sciencedirect.com
Bambi,Pleuman,F,68,"Marquardt, Rowe and Mertz",1592 8th Way,Tungol,507-900-7457,838-799-1836,bpleumancz@vkontakte.ru
Olivero,Buscher,M,57,Cronin-Gleichner,201 Ryan Hill,Watthana Nakhon,591-234-7103,921-314-2035,obuscherd0@google.co.uk
Lowrance,Sallarie,M,18,"Ondricka, Cummerata and Friesen",247 Harper Place,Marshintsy,713-257-7454,195-642-2391,lsallaried1@phoca.cz
Sheridan,Brearton,M,56,Langworth-Macejkovic,73022 Melby Place,Watubuku,260-961-6112,805-565-6334,sbreartond2@jiathis.com
Amalle,Purches,F,61,Ryan-Morissette,2282 Sherman Alley,Bhopālwāla,508-807-3750,375-767-4019,apurchesd3@google.it
Anton,Laimable,M,18,Yost Inc,21086 Burning Wood Crossing,Skerries,227-324-9720,347-439-1588,alaimabled4@auda.org.au
Ilse,Ivankovic,F,25,Towne-Torphy,2 Mariners Cove Lane,Midland,989-931-8275,132-253-4337,iivankovicd5@redcross.org
Ivette,Nottram,F,54,Abbott Inc,6 Esch Street,Xinbu,859-176-6376,618-363-5431,inottramd6@taobao.com
Abraham,Bugdell,M,47,McGlynn Inc,62 Weeping Birch Street,Mingzhong,401-469-7547,850-132-6926,abugdelld7@comcast.net
Tobi,Goodsell,F,54,Auer Group,7985 Mallory Hill,La Troncal,398-231-2338,674-340-2119,tgoodselld8@ehow.com
Ximenes,Busen,M,82,Vandervort Inc,92 Norway Maple Terrace,Paynjuwayn,260-514-9936,913-885-2328,xbusend9@salon.com
Ermentrude,Kyrkeman,F,32,Kunze Group,336 Rigney Alley,Santa Cruz,571-474-4904,285-748-6739,ekyrkemanda@engadget.com
Ertha,Gilby,F,79,"Cole, Zboncak and Swift",9 Delladonna Drive,Bassar,524-819-4868,667-449-6705,egilbydb@tinypic.com
Candide,Novakovic,F,72,Ortiz Inc,2401 Westerfield Junction,Shikhazany,453-663-4456,306-906-3374,cnovakovicdc@ocn.ne.jp
Honor,Chyuerton,F,35,Kunze-Casper,36 Barby Crossing,Horní Stropnice,408-711-9319,778-396-4513,hchyuertondd@yale.edu
Yorgo,Chrishop,M,66,"Leffler, Padberg and Sporer",89 Dahle Hill,Warung Wetan,464-826-3333,992-297-8643,ychrishopde@spotify.com
Yanaton,McOmish,M,70,Ward Inc,2 Lerdahl Court,Safed,647-897-2456,469-807-7541,ymcomishdf@deviantart.com
Roland,Mein,M,59,Tromp-Kessler,4109 Mallory Way,Kalate,952-812-3620,562-710-3434,rmeindg@wikimedia.org
Turner,Furmage,M,74,Cummerata-Smitham,3158 Grayhawk Terrace,Södertälje,602-839-8161,380-901-2863,tfurmagedh@newyorker.com
Hedi,Cardenas,F,19,"Ward, Hyatt and Wyman",36454 Washington Trail,Paulpietersburg,901-473-1332,505-272-6428,hcardenasdi@artisteer.com
Barbey,Petracchi,F,65,"Schroeder, Koss and Lindgren",9 Roxbury Parkway,Pulangbato,902-664-1449,985-668-2216,bpetracchidj@mediafire.com
Darb,Lubbock,F,57,Glover-Kilback,3 Eastwood Road,Vista Alegre,301-908-4854,152-489-7620,dlubbockdk@google.nl
Holli,Cheeke,F,41,Senger-Maggio,36619 Manitowish Pass,Nieuwegein,570-534-9259,277-140-1287,hcheekedl@behance.net
Lemmie,Frangleton,M,47,Hills Inc,82 Huxley Alley,Prado,488-473-2462,343-833-1294,lfrangletondm@ca.gov
Kimberlee,Lorrimer,F,26,"Gottlieb, Murazik and Ondricka",666 Ohio Drive,Binitinan,338-247-2510,212-148-6044,klorrimerdn@vistaprint.com
Norby,Gregolotti,M,53,Rath-Hahn,05623 Moland Plaza,Hengdian,431-691-4027,799-839-4486,ngregolottido@npr.org
Kittie,Machon,F,83,Huel-Kuhn,22 Quincy Court,Munse,835-750-7864,678-487-3688,kmachondp@php.net
Vidovic,Maliffe,M,60,Cassin-Ondricka,5180 Fulton Center,Grajaú,463-570-2309,547-207-9497,vmaliffedq@zdnet.com
Perrine,Patria,F,79,"Heaney, Marks and Williamson",28 Amoth Court,Saipan,546-483-0265,196-735-7266,ppatriadr@stumbleupon.com
Perl,Parrett,F,38,Schuppe-Wiza,517 Mariners Cove Road,Zverevo,314-806-6598,761-758-1493,pparrettds@cam.ac.uk
Eleen,Jakeman,F,37,Lakin and Sons,835 Dunning Road,Carlos Barbosa,271-474-6733,313-517-3577,ejakemandt@prlog.org
Crysta,Barfoot,F,60,"Graham, Koss and Larkin",35065 Westport Circle,Nguluhan,700-959-5943,844-972-8566,cbarfootdu@about.me
Helen-elizabeth,McKew,F,40,"Wisozk, Mueller and Streich",1 Northfield Alley,Sijunjung,922-121-7848,649-108-4915,hmckewdv@ibm.com